{"loss": [34.87958908081055, 3.5392367839813232, 3.3903234004974365, 2.978375196456909, 2.3755807876586914, 1.8691710233688354, 1.407092809677124, 1.1566084623336792, 1.0073280334472656, 0.9017365574836731, 0.7830175161361694, 0.6093885898590088, 0.5177813172340393, 0.4259168803691864, 0.3319120407104492, 0.38308778405189514, 0.3009475767612457, 0.2973679006099701, 0.3572387993335724, 0.2664536237716675, 0.22755436599254608, 0.21689407527446747, 0.1918926239013672, 0.13617894053459167, 0.1562744677066803, 0.0839223638176918, 0.11771344393491745, 0.08693567663431168, 0.1080387532711029, 0.11143837124109268, 0.11956027895212173, 0.08419200032949448, 0.07713993638753891, 0.05216281861066818, 0.06085683032870293, 0.04521551355719566], "accuracy": [0.028892455622553825, 0.059390049427747726, 0.11139646917581558, 0.22664526104927063, 0.39390048384666443, 0.5540931224822998, 0.6616372466087341, 0.736115574836731, 0.7836276292800903, 0.7942215204238892, 0.8414125442504883, 0.8648475408554077, 0.8802568316459656, 0.9069020748138428, 0.9226323962211609, 0.9194221496582031, 0.9319422245025635, 0.9377207159996033, 0.9271268248558044, 0.9406099319458008, 0.9492776989936829, 0.9518458843231201, 0.9579454064369202, 0.968539297580719, 0.968539297580719, 0.9791332483291626, 0.9759229421615601, 0.9794542789459229, 0.9778491258621216, 0.9749598503112793, 0.9672552347183228, 0.9781701564788818, 0.9807383418083191, 0.9871588945388794, 0.9849117398262024, 0.9868378639221191], "val_loss": [3.555196762084961, 3.501969814300537, 2.8827152252197266, 2.3225066661834717, 1.9102143049240112, 1.5687669515609741, 1.0771064758300781, 0.9120200872421265, 1.0503849983215332, 0.9891103506088257, 0.8414632081985474, 0.6929455399513245, 0.6395838856697083, 0.6976749897003174, 0.626679003238678, 0.7252011895179749, 0.6825213432312012, 0.7827682495117188, 0.712037205696106, 0.5908035039901733, 0.6168115735054016, 0.6013010740280151, 0.44314539432525635, 0.5111786723136902, 0.4384167492389679, 0.4196206033229828, 0.38763228058815, 0.4178512394428253, 0.44538578391075134, 0.4660029411315918, 0.4097396433353424, 0.36331966519355774, 0.42653024196624756, 0.4640471637248993, 0.4596928358078003, 0.3927491307258606], "val_accuracy": [0.05128205195069313, 0.07122506946325302, 0.34188035130500793, 0.4615384638309479, 0.6068376302719116, 0.680911660194397, 0.7692307829856873, 0.8290598392486572, 0.809116780757904, 0.8290598392486572, 0.8233618140220642, 0.8660968542098999, 0.8917378783226013, 0.8917378783226013, 0.9002848863601685, 0.8860399127006531, 0.9116809368133545, 0.9059829115867615, 0.9059829115867615, 0.9145299196243286, 0.934472918510437, 0.934472918510437, 0.9430199265480042, 0.9430199265480042, 0.9515669345855713, 0.9487179517745972, 0.9515669345855713, 0.9487179517745972, 0.945868968963623, 0.945868968963623, 0.9515669345855713, 0.9544159770011902, 0.9544159770011902, 0.9515669345855713, 0.9572649598121643, 0.9544159770011902]}